id,theme,auto_renew,notifications
1,dark,true,225
2,dark,true,83
3,light,true,113
4,light,true,131
5,light,false,238
6,dark,true,95
7,light,false,12
8,light,true,243
9,light,true,56
10,light,true,15
11,light,true,79
12,dark,false,226
13,light,false,50
14,light,false,167
15,light,false,211
16,dark,false,16
17,light,false,69
18,dark,false,221
19,light,true,30
20,dark,true,17
21,light,true,222
22,dark,false,136
23,light,false,182
24,dark,false,176
25,light,true,172
26,light,true,123
27,light,false,145
28,dark,true,193
29,light,true,199
30,dark,true,16
31,light,false,133
32,dark,true,30
33,light,true,52
34,dark,true,1
35,dark,false,236
36,dark,false,6
37,dark,true,135
38,dark,true,100
39,dark,false,50
40,light,false,169
41,light,true,248
42,light,false,3
43,dark,false,193
44,light,true,67
45,light,true,12
46,light,false,184
47,light,false,28
48,light,false,46
49,light,false,104
50,dark,false,12
51,light,true,200
52,dark,false,71
53,dark,true,131
54,light,false,58
55,light,false,215
56,light,false,122
57,light,true,18
58,dark,true,39
59,dark,true,198
60,dark,true,18
61,dark,false,242
62,dark,false,50
63,dark,true,140
64,light,false,26
65,light,false,168
66,light,false,78
67,light,false,192
68,dark,true,102
69,dark,true,158
70,light,false,214
71,light,false,168
72,light,true,88
73,dark,true,45
74,light,false,227
75,dark,false,60
76,light,false,119
77,dark,true,84
78,light,false,90
79,light,true,81
80,light,false,82
81,light,false,92
82,dark,false,34
83,dark,false,31
84,light,true,250
85,dark,true,226
86,dark,false,139
87,dark,true,36
88,light,false,22
89,light,true,236
90,dark,true,16
91,light,true,71
92,light,true,18
93,dark,false,41
94,dark,true,7
95,light,true,100
96,dark,false,40
97,dark,false,122
98,light,true,23
99,dark,true,244
100,light,true,149
101,light,false,96
102,dark,true,74
103,dark,true,59
104,dark,false,207
105,dark,true,248
106,dark,true,238
107,light,true,244
108,light,false,19
109,dark,false,145
110,dark,true,85
111,dark,false,246
112,light,true,175
113,dark,false,58
114,light,true,168
115,dark,true,26
116,light,false,81
117,dark,false,68
118,light,false,70
119,dark,false,156
120,light,false,229
121,light,true,169
122,light,true,136
123,dark,false,138
124,dark,true,215
125,dark,true,56
126,dark,false,170
127,dark,false,200
128,dark,false,250
129,dark,false,145
130,light,false,145
131,dark,false,176
132,dark,true,221
133,dark,false,119
134,light,true,68
135,dark,false,239
136,dark,false,209
137,dark,true,207
138,dark,false,255
139,light,false,9
140,dark,true,196
141,dark,true,85
142,dark,true,144
143,light,true,240
144,dark,false,18
145,light,true,239
146,light,false,53
147,light,true,25
148,dark,true,203
149,dark,false,3
150,dark,true,137
151,light,false,14
152,light,true,108
153,dark,true,224
154,light,false,154
155,dark,true,209
156,dark,true,48
157,dark,false,43
158,dark,true,199
159,light,true,108
160,dark,false,156
161,dark,false,118
162,dark,false,155
163,light,false,55
164,light,false,6
165,light,false,203
166,dark,false,125
167,dark,false,255
168,light,false,233
169,dark,true,24
170,dark,false,234
171,dark,true,182
172,light,false,14
173,dark,false,223
174,light,false,239
175,dark,false,150
176,dark,false,254
177,dark,false,162
178,dark,false,216
179,light,false,253
180,light,true,249
181,dark,false,225
182,light,true,226
183,light,true,49
184,dark,true,70
185,dark,true,75
186,dark,false,128
187,light,false,197
188,dark,true,16
189,light,true,163
190,dark,true,28
191,light,true,11
192,light,true,202
193,dark,true,195
194,light,false,0
195,dark,false,87
196,dark,false,153
197,light,false,207
198,light,false,111
199,light,false,181
200,light,false,235
201,dark,true,121
202,dark,false,141
203,light,false,80
204,light,true,209
205,dark,false,112
206,dark,true,164
207,dark,true,118
208,light,false,96
209,light,true,211
210,dark,true,21
211,dark,false,77
212,dark,true,238
213,light,false,100
214,light,true,221
215,dark,true,74
216,dark,true,225
217,light,true,195
218,dark,false,226
219,dark,true,193
220,dark,true,235
221,dark,true,173
222,light,true,66
223,dark,false,142
224,dark,true,15
225,dark,false,229
226,dark,false,102
227,dark,true,205
228,dark,true,24
229,dark,false,40
230,dark,true,226
231,dark,true,31
232,dark,false,85
233,dark,false,9
234,dark,true,192
235,light,true,187
236,light,true,247
237,light,false,223
238,light,false,188
239,dark,true,213
240,light,false,182
241,light,false,53
242,dark,true,77
243,light,true,232
244,light,false,157
245,dark,false,170
246,dark,true,171
247,dark,false,138
248,dark,false,77
249,dark,true,64
250,light,false,249
251,dark,false,82
252,dark,true,173
253,dark,false,36
254,light,false,46
255,dark,true,211
256,light,true,209
257,light,false,171
258,light,false,172
259,dark,false,42
260,dark,true,114
261,light,true,98
262,dark,true,157
263,dark,true,157
264,light,true,74
265,dark,false,24
266,dark,true,231
267,dark,false,120
268,dark,true,55
269,dark,false,192
270,light,false,227
271,light,true,218
272,light,false,204
273,light,false,111
274,light,false,151
275,dark,true,0
276,light,true,196
277,dark,false,238
278,dark,false,216
279,dark,true,151
280,dark,false,25
281,dark,true,173
282,dark,true,218
283,dark,true,72
284,light,true,196
285,dark,true,230
286,dark,true,37
287,dark,true,127
288,dark,true,112
289,dark,true,11
290,dark,false,216
291,dark,false,218
292,dark,false,150
293,light,false,75
294,dark,false,20
295,dark,true,207
296,dark,true,13
297,dark,false,47
298,light,true,58
299,light,false,103
300,light,false,45
301,light,false,94
302,light,true,182
303,light,false,180
304,light,false,40
305,dark,false,137
306,light,true,218
307,dark,true,16
308,light,true,154
309,light,false,38
310,light,false,219
311,dark,false,2
312,light,true,40
313,dark,true,26
314,dark,false,192
315,dark,true,113
316,light,true,44
317,dark,true,18
318,light,true,237
319,light,false,98
320,light,true,172
321,dark,false,135
322,light,true,220
323,light,false,116
324,light,false,205
325,dark,true,13
326,light,false,157
327,dark,true,113
328,dark,false,227
329,light,true,149
330,dark,true,94
331,light,true,183
332,dark,true,243
333,dark,false,107
334,dark,true,83
335,dark,false,86
336,dark,true,163
337,light,false,223
338,dark,true,155
339,light,false,242
340,dark,true,194
341,dark,false,159
342,dark,true,213
343,dark,false,146
344,dark,true,86
345,light,false,145
346,dark,false,23
347,dark,false,152
348,dark,true,117
349,dark,false,54
350,dark,true,13
351,light,false,215
352,dark,true,189
353,dark,true,100
354,light,true,164
355,dark,true,40
356,dark,false,71
357,dark,false,30
358,light,false,94
359,dark,false,208
360,light,true,78
361,dark,true,222
362,dark,true,33
363,light,false,93
364,dark,true,2
365,light,true,88
366,light,false,173
367,dark,true,82
368,dark,true,51
369,light,true,120
370,light,true,202
371,light,true,160
372,dark,true,121
373,light,true,74
374,dark,false,191
375,dark,true,66
376,dark,false,25
377,dark,false,166
378,dark,true,171
379,light,true,165
380,dark,false,249
381,dark,true,34
382,dark,false,65
383,dark,false,215
384,light,true,167
385,light,false,101
386,light,false,173
387,light,false,80
388,dark,true,161
389,dark,false,174
390,dark,false,84
391,light,false,69
392,dark,false,156
393,light,false,189
394,dark,true,184
395,dark,true,150
396,light,false,97
397,light,false,55
398,dark,false,6
399,dark,false,181
400,dark,false,185
401,dark,true,70
402,dark,true,210
403,dark,false,206
404,light,true,245
405,light,false,80
406,light,true,206
407,light,false,34
408,dark,true,241
409,light,false,217
410,dark,false,130
411,dark,true,230
412,dark,false,27
413,dark,true,21
414,light,true,129
415,light,true,193
416,light,true,98
417,dark,true,150
418,dark,true,100
419,light,false,59
420,light,false,230
421,light,false,38
422,dark,true,13
423,dark,false,174
424,dark,true,13
425,dark,true,69
426,light,false,226
427,dark,false,188
428,dark,false,141
429,dark,true,58
430,dark,true,2
431,dark,true,85
432,dark,false,16
433,dark,false,66
434,light,false,9
435,dark,false,99
436,dark,false,109
437,light,false,81
438,dark,true,101
439,light,false,67
440,dark,true,194
441,dark,false,25
442,dark,false,42
443,dark,false,62
444,light,true,184
445,dark,true,195
446,light,false,116
447,dark,true,205
448,dark,false,221
449,dark,true,81
450,dark,true,50
451,dark,false,239
452,dark,false,126
453,dark,true,234
454,dark,false,13
455,light,true,146
456,dark,false,185
457,light,true,9
458,dark,false,0
459,dark,false,157
460,dark,false,178
461,light,false,54
462,light,true,148
463,light,true,205
464,light,true,55
465,light,true,64
466,light,true,143
467,dark,false,81
468,dark,false,5
469,dark,true,115
470,light,false,51
471,light,true,66
472,light,true,237
473,light,false,104
474,dark,false,22
475,light,false,40
476,dark,true,158
477,light,true,87
478,light,true,44
479,light,false,124
480,dark,true,13
481,dark,true,102
482,light,true,11
483,dark,false,156
484,dark,true,230
485,light,true,108
486,light,false,7
487,light,true,230
488,light,false,180
489,light,true,240
490,dark,false,182
491,dark,true,101
492,light,false,200
493,dark,false,144
494,light,false,150
495,dark,false,171
496,dark,true,22
497,dark,true,133
498,dark,true,45
499,dark,true,10
500,dark,true,166
501,dark,true,115
502,dark,true,152
503,light,true,121
504,dark,true,49
505,dark,true,46
506,light,false,185
507,dark,false,133
508,dark,false,231
509,dark,false,240
510,light,false,202
511,dark,true,179
512,light,true,236
513,dark,false,1
514,dark,true,222
515,light,true,162
516,light,true,81
517,light,true,82
518,light,true,97
519,light,false,209
520,dark,true,78
521,light,true,227
522,dark,true,23
523,dark,true,162
524,dark,true,198
525,dark,false,202
526,dark,false,251
527,light,true,118
528,dark,false,55
529,dark,true,202
530,dark,false,118
531,light,true,9
532,dark,true,57
533,dark,false,157
534,dark,true,101
535,dark,false,23
536,dark,true,63
537,light,true,175
538,dark,true,95
539,dark,true,177
540,dark,true,195
541,dark,false,1
542,dark,true,241
543,light,false,170
544,light,true,4
545,light,false,147
546,dark,false,153
547,dark,false,5
548,light,false,92
549,dark,true,122
550,dark,true,108
551,light,false,75
552,light,false,1
553,dark,false,173
554,light,true,53
555,dark,false,141
556,light,false,87
557,light,false,127
558,dark,true,190
559,light,false,131
560,light,true,112
561,dark,false,140
562,dark,false,233
563,dark,false,68
564,dark,true,142
565,dark,false,71
566,light,false,154
567,dark,false,172
568,light,true,59
569,dark,false,28
570,light,true,200
571,dark,true,182
572,dark,false,152
573,dark,true,146
574,light,true,113
575,light,true,122
576,light,false,20
577,light,true,183
578,dark,true,7
579,light,false,168
580,dark,true,161
581,dark,true,7
582,light,true,107
583,light,false,171
584,light,true,242
585,dark,true,109
586,light,false,234
587,dark,false,182
588,light,false,162
589,light,false,181
590,dark,true,43
591,dark,false,250
592,dark,false,41
593,light,false,201
594,dark,false,79
595,dark,true,136
596,light,false,165
597,light,true,251
598,dark,true,107
599,dark,false,42
600,dark,true,95
601,dark,false,198
602,light,true,87
603,dark,false,222
604,light,false,203
605,light,false,148
606,dark,false,116
607,dark,false,37
608,dark,false,10
609,light,true,223
610,dark,true,38
611,dark,false,225
612,light,false,229
613,dark,false,121
614,dark,false,248
615,light,true,190
616,light,true,213
617,dark,false,50
618,dark,false,85
619,dark,false,56
620,light,true,13
621,dark,true,41
622,light,false,68
623,dark,true,35
624,dark,true,180
625,light,false,224
626,light,true,168
627,dark,true,38
628,light,true,65
629,dark,false,81
630,dark,true,49
631,light,false,141
632,dark,false,150
633,dark,false,85
634,dark,false,145
635,dark,false,52
636,light,true,230
637,dark,true,100
638,dark,true,104
639,dark,true,9
640,dark,true,19
641,dark,false,58
642,dark,false,150
643,dark,false,78
644,light,false,229
645,dark,true,253
646,light,true,219
647,dark,true,202
648,dark,false,99
649,dark,true,89
650,light,true,111
651,dark,false,64
652,dark,true,73
653,dark,true,130
654,dark,true,100
655,light,false,87
656,dark,true,155
657,light,true,153
658,dark,true,8
659,light,true,235
660,light,false,83
661,dark,false,221
662,dark,true,243
663,light,false,206
664,light,false,196
665,light,true,18
666,dark,false,94
667,dark,true,76
668,dark,true,253
669,dark,true,182
670,light,false,42
671,dark,false,19
672,dark,true,245
673,dark,false,7
674,dark,false,190
675,dark,false,46
676,light,false,211
677,light,false,75
678,dark,true,248
679,light,true,246
680,light,true,110
681,dark,true,115
682,dark,false,4
683,dark,true,72
684,light,false,168
685,light,true,161
686,dark,true,39
687,dark,true,168
688,light,true,150
689,dark,false,84
690,dark,false,47
691,dark,false,37
692,dark,false,239
693,dark,true,70
694,light,false,194
695,dark,false,88
696,light,true,201
697,dark,true,42
698,dark,true,5
699,dark,true,146
700,light,true,161
701,dark,false,236
702,light,false,41
703,dark,true,111
704,light,true,81
705,dark,false,181
706,dark,true,81
707,dark,false,118
708,dark,false,110
709,dark,false,21
710,light,false,184
711,dark,true,44
712,dark,false,18
713,dark,true,141
714,dark,false,244
715,dark,true,36
716,dark,false,122
717,dark,false,136
718,light,true,187
719,dark,true,11
720,dark,true,51
721,dark,false,7
722,dark,true,164
723,light,false,118
724,dark,false,47
725,dark,true,13
726,dark,true,223
727,light,true,26
728,light,false,6
729,light,true,86
730,light,true,168
731,dark,true,143
732,light,false,124
733,dark,false,251
734,dark,false,119
735,dark,true,40
736,dark,false,114
737,dark,false,45
738,dark,true,153
739,dark,true,212
740,dark,true,189
741,dark,false,71
742,dark,true,186
743,dark,false,194
744,dark,true,21
745,dark,false,122
746,dark,false,54
747,dark,true,102
748,dark,false,225
749,dark,true,32
750,dark,true,116
751,dark,false,189
752,light,true,89
753,light,true,186
754,light,true,255
755,light,true,6
756,dark,true,238
757,dark,false,193
758,light,false,117
759,light,false,6
760,dark,false,144
761,dark,false,111
762,light,false,248
763,dark,false,74
764,dark,true,105
765,light,false,17
766,dark,false,111
767,dark,true,130
768,dark,false,146
769,dark,true,143
770,dark,false,65
771,light,true,250
772,light,true,12
773,dark,true,5
774,dark,false,60
775,dark,false,93
776,dark,false,176
777,dark,false,182
778,light,true,96
779,dark,false,82
780,dark,true,215
781,dark,true,163
782,dark,false,3
783,light,false,96
784,light,false,70
785,light,false,167
786,dark,true,186
787,light,true,224
788,light,true,255
789,dark,true,242
790,dark,true,130
791,dark,false,185
792,dark,false,51
793,dark,false,6
794,dark,true,138
795,light,false,73
796,dark,false,193
797,dark,false,248
798,dark,true,118
799,dark,true,60
800,light,false,241
801,dark,false,28
802,light,true,96
803,light,true,235
804,dark,true,172
805,light,true,193
806,dark,true,252
807,dark,true,104
808,dark,true,104
809,light,false,253
810,light,true,22
811,light,true,222
812,light,false,47
813,light,true,131
814,light,false,207
815,light,false,203
816,dark,false,222
817,dark,false,116
818,light,false,92
819,light,true,76
820,light,false,10
821,dark,true,67
822,light,true,95
823,light,false,223
824,light,true,63
825,dark,true,134
826,light,false,33
827,dark,true,1
828,light,false,56
829,dark,false,214
830,dark,true,7
831,dark,false,155
832,dark,false,253
833,light,false,67
834,dark,true,174
835,dark,false,2
836,light,false,65
837,light,false,99
838,dark,false,230
839,light,true,1
840,light,false,55
841,light,true,200
842,dark,false,194
843,dark,false,94
844,dark,false,67
845,light,true,118
846,light,true,208
847,dark,false,223
848,light,true,27
849,light,false,86
850,light,true,138
851,dark,false,236
852,dark,false,231
853,light,false,244
854,dark,false,151
855,dark,false,107
856,dark,false,68
857,dark,true,103
858,light,true,252
859,dark,true,236
860,light,true,162
861,dark,true,213
862,dark,true,60
863,dark,false,152
864,dark,true,91
865,dark,false,11
866,dark,false,71
867,dark,false,194
868,dark,true,85
869,dark,true,150
870,dark,false,251
871,dark,false,45
872,dark,true,128
873,light,true,229
874,dark,true,53
875,dark,true,92
876,light,true,148
877,light,false,95
878,dark,false,68
879,dark,false,16
880,dark,false,66
881,dark,true,133
882,light,true,68
883,dark,false,117
884,dark,true,77
885,dark,true,145
886,light,false,14
887,dark,true,241
888,light,true,186
889,dark,false,202
890,dark,true,146
891,dark,true,152
892,dark,true,22
893,light,false,108
894,light,true,172
895,dark,true,236
896,light,true,4
897,light,true,104
898,dark,true,218
899,dark,true,82
900,light,true,59
901,dark,true,241
902,dark,true,30
903,dark,true,245
904,light,false,149
905,dark,false,226
906,dark,true,105
907,light,false,91
908,light,false,120
909,dark,true,128
910,dark,false,160
911,dark,false,76
912,light,true,22
913,dark,false,214
914,dark,true,233
915,light,true,224
916,dark,false,107
917,dark,false,67
918,dark,false,164
919,dark,true,122
920,dark,true,7
921,light,false,250
922,light,true,56
923,light,true,193
924,dark,false,4
925,dark,false,132
926,dark,true,244
927,light,true,10
928,light,true,229
929,dark,false,152
930,light,true,171
931,dark,true,96
932,light,false,125
933,dark,true,119
934,dark,true,111
935,light,false,116
936,dark,false,141
937,light,true,241
938,light,true,44
939,light,false,216
940,dark,true,8
941,light,false,142
942,dark,false,161
943,light,false,177
944,light,false,112
945,dark,true,46
946,dark,true,203
947,light,false,194
948,dark,false,179
949,light,false,36
950,dark,false,112
951,dark,false,142
952,dark,false,227
953,light,true,90
954,light,false,213
955,dark,false,37
956,dark,true,130
957,dark,true,229
958,dark,true,115
959,light,true,99
960,dark,false,115
961,dark,true,189
962,light,true,59
963,light,true,160
964,light,true,40
965,dark,true,82
966,light,true,196
967,light,true,66
968,dark,true,46
969,dark,false,91
970,dark,false,255
971,dark,true,65
972,light,false,75
973,light,true,0
974,light,false,123
975,light,true,11
976,dark,false,22
977,dark,false,75
978,light,true,6
979,dark,true,95
980,dark,false,43
981,dark,false,84
982,light,true,70
983,dark,true,52
984,dark,true,62
985,light,true,88
986,dark,true,83
987,dark,true,59
988,light,true,192
989,light,false,55
990,dark,true,151
991,dark,false,123
992,light,true,203
993,dark,true,255
994,light,false,26
995,dark,false,209
996,dark,false,222
997,dark,false,244
998,dark,true,33
999,dark,false,247
1000,dark,true,181
